url,label
https://www.github.com/profile,0
http://login.verify.security.account.amazon.com.scam-node.net/auth,1
http://secure-login.top/login/confirm_identity.php?user_id=582,1
http://secure-amazon-login-verify.top/signin?token=86386,1
http://139.62.198.175/settings/update-account-recovery,1
http://secure-netflix-login-verify.top/signin?token=77174,1
https://www.twitter.com/services,0
http://netflix-billing.tech/login/confirm_identity.php?user_id=986,1
https://www.dropbox.com/contact,0
http://login.verify.security.account.stackoverflow.com.scam-node.net/auth,1
http://login.verify.security.account.reddit.com.scam-node.net/auth,1
https://www.twitter.com/docs,0
http://188.4.4.187/docs/update-account-recovery,1
http://156.199.214.237/help/update-account-recovery,1
https://stackoverflow.com/profile,0
http://secure-netflix-login-verify.online/signin?token=96463,1
http://secure-login.xyz/login/confirm_identity.php?user_id=662,1
https://www.microsoft.com/account,0
https://github.com/services,0
https://ebay.com/contact,0
http://secure-netflix-login-verify.online/signin?token=59681,1
https://www.google.com,0
https://google.com/signin,0
http://verify-account.top/login/confirm_identity.php?user_id=320,1
http://login.verify.security.account.wikipedia.org.scam-node.net/auth,1
http://appleid-verify.info/login/confirm_identity.php?user_id=952,1
http://login.verify.security.account.ebay.com.scam-node.net/auth,1
https://stackoverflow.com/about,0
https://www.google.com/billing,0
http://169.78.93.222/contact/update-account-recovery,1
http://secure-amazon-login-verify.online/signin?token=29201,1
https://apple.com,0
http://banking-update.club/login/confirm_identity.php?user_id=898,1
https://dropbox.com/security,0
http://banking-update.xyz/login/confirm_identity.php?user_id=789,1
https://bankofamerica.com/dashboard,0
http://login.verify.security.account.dropbox.com.scam-node.net/auth,1
http://paypal-security.xyz/login/confirm_identity.php?user_id=224,1
https://www.apple.com/about,0
https://www.amazon.com,0
https://stackoverflow.com/security,0
http://162.17.145.47/dashboard/update-account-recovery,1
https://www.microsoft.com/security,0
https://paypal.com/profile,0
https://dropbox.com/verify,0
https://bankofamerica.com/help,0
http://paypal-security.top/login/confirm_identity.php?user_id=478,1
https://wikipedia.org/services,0
https://www.chase.com/dashboard,0
http://login.verify.security.account.google.com.scam-node.net/auth,1
https://linkedin.com/profile,0
https://www.apple.com,0
http://login.verify.security.account.stackoverflow.com.scam-node.net/auth,1
http://secure-paypal-login-verify.club/signin?token=40451,1
http://143.160.179.91/help/update-account-recovery,1
http://verify-account.net/login/confirm_identity.php?user_id=694,1
https://apple.com/security,0
https://www.github.com/home,0
http://login.verify.security.account.chase.com.scam-node.net/auth,1
http://secure-apple-login-verify.net/signin?token=41557,1
https://www.ebay.com/signin,0
http://login.verify.security.account.paypal.com.scam-node.net/auth,1
https://dropbox.com,0
https://www.netflix.com/login,0
https://www.youtube.com/about,0
http://login.verify.security.account.youtube.com.scam-node.net/auth,1
http://secure-paypal-login-verify.top/signin?token=19032,1
https://wikipedia.org/security,0
http://secure-amazon-login-verify.online/signin?token=58003,1
https://www.youtube.com/security,0
https://reddit.com/verify,0
http://login.verify.security.account.dropbox.com.scam-node.net/auth,1
http://175.13.6.49/about/update-account-recovery,1
http://133.164.111.159/about/update-account-recovery,1
http://netflix-billing.top/login/confirm_identity.php?user_id=944,1
https://bankofamerica.com,0
http://login.verify.security.account.reddit.com.scam-node.net/auth,1
https://www.bankofamerica.com/security,0
https://www.youtube.com/profile,0
http://195.79.1.61/account/update-account-recovery,1
http://login.verify.security.account.youtube.com.scam-node.net/auth,1
https://www.linkedin.com/verify,0
http://171.157.141.22/services/update-account-recovery,1
http://secure-login.info/login/confirm_identity.php?user_id=638,1
http://verify-account.top/login/confirm_identity.php?user_id=779,1
https://wikipedia.org/login,0
http://144.148.237.249/contact/update-account-recovery,1
https://google.com/docs,0
https://www.microsoft.com,0
http://login.verify.security.account.stackoverflow.com.scam-node.net/auth,1
http://banking-update.site/login/confirm_identity.php?user_id=397,1
http://secure-amazon-login-verify.online/signin?token=86489,1
https://microsoft.com/help,0
https://www.netflix.com,0
http://secure-login.info/login/confirm_identity.php?user_id=221,1
https://www.wikipedia.org/login,0
https://github.com/docs,0
https://www.netflix.com/help,0
http://paypal-security.xyz/login/confirm_identity.php?user_id=564,1
https://www.facebook.com/contact,0
http://126.216.47.166/signin/update-account-recovery,1
http://132.238.96.5/settings/update-account-recovery,1
http://login.verify.security.account.github.com.scam-node.net/auth,1
https://www.netflix.com,0
https://www.dropbox.com/account,0
http://appleid-verify.info/login/confirm_identity.php?user_id=266,1
http://login.verify.security.account.facebook.com.scam-node.net/auth,1
http://verify-account.xyz/login/confirm_identity.php?user_id=368,1
https://google.com,0
https://instagram.com/contact,0
http://secure-netflix-login-verify.info/signin?token=98264,1
https://amazon.com/contact,0
http://secure-login.xyz/login/confirm_identity.php?user_id=190,1
http://187.176.130.167/about/update-account-recovery,1
http://netflix-billing.net/login/confirm_identity.php?user_id=967,1
https://www.twitter.com/contact,0
https://github.com/settings,0
http://secure-amazon-login-verify.online/signin?token=60080,1
http://netflix-billing.info/login/confirm_identity.php?user_id=103,1
http://secure-netflix-login-verify.info/signin?token=86606,1
https://www.facebook.com,0
https://www.paypal.com,0
http://appleid-verify.top/login/confirm_identity.php?user_id=725,1
https://amazon.com,0
https://www.chase.com,0
http://login.verify.security.account.paypal.com.scam-node.net/auth,1
http://netflix-billing.site/login/confirm_identity.php?user_id=905,1
http://110.66.159.2/billing/update-account-recovery,1
https://www.wikipedia.org/docs,0
http://secure-login.club/login/confirm_identity.php?user_id=271,1
http://paypal-security.tech/login/confirm_identity.php?user_id=399,1
https://www.ebay.com/verify,0
https://dropbox.com/security,0
https://www.linkedin.com/help,0
https://instagram.com,0
http://login.verify.security.account.paypal.com.scam-node.net/auth,1
https://www.apple.com,0
https://www.reddit.com,0
https://www.facebook.com/about,0
https://www.netflix.com/signin,0
https://www.bankofamerica.com,0
http://secure-amazon-login-verify.info/signin?token=51607,1
http://116.40.10.242/about/update-account-recovery,1
https://facebook.com,0
http://185.49.190.133/profile/update-account-recovery,1
http://login.verify.security.account.wikipedia.org.scam-node.net/auth,1
http://login.verify.security.account.wellsfargo.com.scam-node.net/auth,1
http://login.verify.security.account.chase.com.scam-node.net/auth,1
https://bankofamerica.com/home,0
http://banking-update.top/login/confirm_identity.php?user_id=367,1
https://www.amazon.com/security,0
http://paypal-security.xyz/login/confirm_identity.php?user_id=758,1
https://www.google.com,0
https://www.bankofamerica.com/signin,0
https://www.twitter.com,0
http://185.14.21.177/signin/update-account-recovery,1
http://164.143.154.52/security/update-account-recovery,1
https://dropbox.com/verify,0
http://banking-update.site/login/confirm_identity.php?user_id=533,1
https://www.chase.com/services,0
http://paypal-security.tech/login/confirm_identity.php?user_id=392,1
http://secure-chase-login-verify.net/signin?token=80743,1
http://verify-account.xyz/login/confirm_identity.php?user_id=807,1
https://www.google.com/security,0
https://www.wellsfargo.com/account,0
http://login.verify.security.account.apple.com.scam-node.net/auth,1
http://secure-amazon-login-verify.club/signin?token=13092,1
http://150.183.36.108/login/update-account-recovery,1
https://apple.com/billing,0
https://microsoft.com,0
https://www.twitter.com/security,0
https://www.linkedin.com/verify,0
https://www.microsoft.com/help,0
http://secure-netflix-login-verify.xyz/signin?token=28662,1
https://www.github.com/about,0
https://apple.com,0
https://wikipedia.org/home,0
https://amazon.com,0
https://www.github.com/settings,0
https://www.youtube.com/services,0
http://secure-netflix-login-verify.top/signin?token=15313,1
http://secure-amazon-login-verify.top/signin?token=69879,1
http://secure-amazon-login-verify.info/signin?token=83589,1
https://www.chase.com,0
https://www.microsoft.com/services,0
https://apple.com/security,0
http://verify-account.club/login/confirm_identity.php?user_id=801,1
http://appleid-verify.site/login/confirm_identity.php?user_id=396,1
https://amazon.com/verify,0
https://linkedin.com,0
http://netflix-billing.site/login/confirm_identity.php?user_id=677,1
https://www.netflix.com/contact,0
http://login.verify.security.account.facebook.com.scam-node.net/auth,1
http://secure-netflix-login-verify.net/signin?token=69275,1
http://login.verify.security.account.stackoverflow.com.scam-node.net/auth,1
http://login.verify.security.account.github.com.scam-node.net/auth,1
http://secure-netflix-login-verify.tech/signin?token=90605,1
http://appleid-verify.site/login/confirm_identity.php?user_id=203,1
https://www.instagram.com/docs,0
https://ebay.com/signin,0
http://login.verify.security.account.bankofamerica.com.scam-node.net/auth,1
http://secure-login.net/login/confirm_identity.php?user_id=849,1
http://secure-login.info/login/confirm_identity.php?user_id=538,1
http://secure-netflix-login-verify.top/signin?token=84258,1
https://www.bankofamerica.com,0
https://www.netflix.com,0
https://www.ebay.com/help,0
http://login.verify.security.account.linkedin.com.scam-node.net/auth,1
https://linkedin.com/dashboard,0
https://paypal.com/contact,0
https://paypal.com,0
http://appleid-verify.club/login/confirm_identity.php?user_id=456,1
https://www.chase.com/billing,0
http://login.verify.security.account.linkedin.com.scam-node.net/auth,1
https://www.youtube.com/services,0
http://secure-amazon-login-verify.club/signin?token=63556,1
http://secure-chase-login-verify.site/signin?token=43270,1
http://secure-paypal-login-verify.top/signin?token=17879,1
https://twitter.com/login,0
http://secure-chase-login-verify.top/signin?token=21734,1
https://paypal.com/profile,0
http://secure-paypal-login-verify.info/signin?token=36593,1
https://microsoft.com/security,0
https://www.instagram.com/about,0
https://www.ebay.com/security,0
http://login.verify.security.account.wellsfargo.com.scam-node.net/auth,1
https://linkedin.com/help,0
https://netflix.com,0
http://login.verify.security.account.facebook.com.scam-node.net/auth,1
https://paypal.com,0
https://twitter.com/signin,0
https://reddit.com/help,0
https://www.ebay.com,0
https://amazon.com/settings,0
https://github.com/docs,0
https://www.wellsfargo.com,0
https://wikipedia.org/services,0
https://microsoft.com/signin,0
https://bankofamerica.com/verify,0
http://secure-chase-login-verify.online/signin?token=44322,1
http://secure-login.xyz/login/confirm_identity.php?user_id=383,1
http://150.3.10.162/services/update-account-recovery,1
https://www.paypal.com/docs,0
http://login.verify.security.account.ebay.com.scam-node.net/auth,1
http://secure-login.xyz/login/confirm_identity.php?user_id=398,1
https://www.linkedin.com,0
https://www.ebay.com/verify,0
http://login.verify.security.account.facebook.com.scam-node.net/auth,1
https://www.facebook.com/signin,0
https://www.netflix.com/settings,0
http://188.31.118.17/dashboard/update-account-recovery,1
http://banking-update.xyz/login/confirm_identity.php?user_id=412,1
http://168.177.175.161/verify/update-account-recovery,1
https://www.ebay.com/settings,0
http://secure-apple-login-verify.top/signin?token=85340,1
https://apple.com/billing,0
http://login.verify.security.account.google.com.scam-node.net/auth,1
https://www.ebay.com/home,0
http://netflix-billing.site/login/confirm_identity.php?user_id=598,1
http://login.verify.security.account.wikipedia.org.scam-node.net/auth,1
http://167.70.157.100/home/update-account-recovery,1
http://secure-netflix-login-verify.online/signin?token=50951,1
http://162.36.146.49/profile/update-account-recovery,1
https://www.google.com,0
https://www.microsoft.com/billing,0
http://127.138.123.179/contact/update-account-recovery,1
http://login.verify.security.account.apple.com.scam-node.net/auth,1
https://www.stackoverflow.com/services,0
http://login.verify.security.account.youtube.com.scam-node.net/auth,1
https://github.com,0
http://login.verify.security.account.bankofamerica.com.scam-node.net/auth,1
https://www.amazon.com/security,0
https://dropbox.com/security,0
https://www.google.com,0
https://dropbox.com/verify,0
http://login.verify.security.account.twitter.com.scam-node.net/auth,1
https://www.wikipedia.org,0
https://www.google.com/help,0
https://www.wellsfargo.com/help,0
https://paypal.com/login,0
http://secure-amazon-login-verify.site/signin?token=17172,1
https://wikipedia.org,0
http://login.verify.security.account.facebook.com.scam-node.net/auth,1
https://github.com/home,0
http://appleid-verify.top/login/confirm_identity.php?user_id=250,1
http://123.254.196.31/profile/update-account-recovery,1
https://google.com/signin,0
http://login.verify.security.account.amazon.com.scam-node.net/auth,1
https://www.wellsfargo.com/home,0
https://www.reddit.com/billing,0
http://181.191.173.214/docs/update-account-recovery,1
https://www.reddit.com/contact,0
http://login.verify.security.account.bankofamerica.com.scam-node.net/auth,1
https://microsoft.com/docs,0
http://login.verify.security.account.facebook.com.scam-node.net/auth,1
https://facebook.com/docs,0
http://secure-amazon-login-verify.info/signin?token=91120,1
https://www.ebay.com,0
https://www.paypal.com/signin,0
https://paypal.com/services,0
http://login.verify.security.account.chase.com.scam-node.net/auth,1
http://secure-chase-login-verify.online/signin?token=90903,1
http://paypal-security.top/login/confirm_identity.php?user_id=964,1
https://ebay.com/profile,0
https://www.chase.com/dashboard,0
http://login.verify.security.account.bankofamerica.com.scam-node.net/auth,1
http://login.verify.security.account.wellsfargo.com.scam-node.net/auth,1
https://instagram.com,0
http://secure-netflix-login-verify.info/signin?token=14326,1
http://179.82.199.118/docs/update-account-recovery,1
https://linkedin.com/settings,0
https://www.google.com,0
http://login.verify.security.account.wellsfargo.com.scam-node.net/auth,1
https://microsoft.com,0
https://reddit.com,0
https://chase.com/dashboard,0
https://ebay.com/docs,0
https://youtube.com,0
http://secure-amazon-login-verify.xyz/signin?token=25988,1
http://secure-netflix-login-verify.top/signin?token=25824,1
http://verify-account.site/login/confirm_identity.php?user_id=463,1
https://www.youtube.com,0
https://linkedin.com/help,0
https://chase.com/about,0
https://chase.com/home,0
https://ebay.com,0
http://131.70.212.246/security/update-account-recovery,1
https://google.com,0
http://login.verify.security.account.apple.com.scam-node.net/auth,1
http://login.verify.security.account.apple.com.scam-node.net/auth,1
https://instagram.com/login,0
http://196.152.228.203/about/update-account-recovery,1
https://paypal.com,0
http://login.verify.security.account.stackoverflow.com.scam-node.net/auth,1
https://www.linkedin.com,0
https://www.stackoverflow.com,0
https://www.dropbox.com/about,0
https://dropbox.com,0
http://158.177.88.54/security/update-account-recovery,1
http://banking-update.site/login/confirm_identity.php?user_id=376,1
https://twitter.com/profile,0
https://bankofamerica.com/account,0
https://www.apple.com/verify,0
https://www.amazon.com,0
http://login.verify.security.account.wellsfargo.com.scam-node.net/auth,1
https://facebook.com,0
https://stackoverflow.com/profile,0
http://secure-apple-login-verify.club/signin?token=19445,1
https://wellsfargo.com/verify,0
https://microsoft.com/billing,0
https://chase.com,0
https://google.com/about,0
https://apple.com/signin,0
https://www.reddit.com/about,0
http://177.62.80.178/signin/update-account-recovery,1
http://secure-chase-login-verify.tech/signin?token=21846,1
https://www.twitter.com,0
https://wikipedia.org/contact,0
https://linkedin.com/account,0
https://www.twitter.com,0
http://119.75.115.57/docs/update-account-recovery,1
https://www.microsoft.com,0
https://www.amazon.com/settings,0
http://114.231.86.124/billing/update-account-recovery,1
https://www.wellsfargo.com/signin,0
http://paypal-security.tech/login/confirm_identity.php?user_id=421,1
http://122.156.143.151/about/update-account-recovery,1
http://149.122.255.169/services/update-account-recovery,1
https://www.facebook.com/security,0
https://chase.com/docs,0
http://banking-update.top/login/confirm_identity.php?user_id=777,1
https://twitter.com/profile,0
https://www.linkedin.com/dashboard,0
http://secure-amazon-login-verify.top/signin?token=16874,1
http://login.verify.security.account.instagram.com.scam-node.net/auth,1
http://145.194.203.13/contact/update-account-recovery,1
https://www.chase.com/signin,0
https://google.com/services,0
http://appleid-verify.online/login/confirm_identity.php?user_id=175,1
https://ebay.com/docs,0
http://secure-amazon-login-verify.site/signin?token=68124,1
http://secure-apple-login-verify.tech/signin?token=66002,1
https://amazon.com/verify,0
http://secure-chase-login-verify.online/signin?token=77718,1
http://secure-paypal-login-verify.net/signin?token=96178,1
https://chase.com/settings,0
http://login.verify.security.account.facebook.com.scam-node.net/auth,1
https://ebay.com,0
http://170.20.104.70/security/update-account-recovery,1
http://verify-account.info/login/confirm_identity.php?user_id=465,1
http://login.verify.security.account.google.com.scam-node.net/auth,1
https://wikipedia.org/services,0
http://login.verify.security.account.ebay.com.scam-node.net/auth,1
http://paypal-security.club/login/confirm_identity.php?user_id=814,1
https://chase.com/settings,0
http://198.158.44.203/billing/update-account-recovery,1
http://145.75.249.22/services/update-account-recovery,1
http://157.205.52.8/home/update-account-recovery,1
https://chase.com/dashboard,0
https://github.com/account,0
https://www.microsoft.com,0
https://github.com/docs,0
https://www.microsoft.com/home,0
http://secure-amazon-login-verify.tech/signin?token=47811,1
http://appleid-verify.info/login/confirm_identity.php?user_id=539,1
http://secure-netflix-login-verify.info/signin?token=50253,1
https://bankofamerica.com,0
https://www.chase.com,0
https://chase.com,0
http://login.verify.security.account.facebook.com.scam-node.net/auth,1
https://www.wellsfargo.com,0
http://login.verify.security.account.google.com.scam-node.net/auth,1
https://microsoft.com/contact,0
http://183.4.177.64/profile/update-account-recovery,1
https://www.apple.com/docs,0
http://login.verify.security.account.instagram.com.scam-node.net/auth,1
https://www.dropbox.com,0
http://117.64.22.210/security/update-account-recovery,1
https://www.instagram.com/home,0
https://youtube.com/security,0
http://155.160.150.135/profile/update-account-recovery,1
http://login.verify.security.account.dropbox.com.scam-node.net/auth,1
https://www.linkedin.com/docs,0
https://www.apple.com/help,0
http://appleid-verify.site/login/confirm_identity.php?user_id=708,1
http://secure-amazon-login-verify.top/signin?token=78235,1
http://secure-paypal-login-verify.net/signin?token=78215,1
https://facebook.com/about,0
https://microsoft.com/settings,0
https://instagram.com/profile,0
https://facebook.com/dashboard,0
https://www.wellsfargo.com/home,0
http://paypal-security.club/login/confirm_identity.php?user_id=554,1
https://www.github.com/profile,0
https://microsoft.com/security,0
http://netflix-billing.top/login/confirm_identity.php?user_id=427,1
http://secure-paypal-login-verify.info/signin?token=14873,1
http://119.38.250.36/services/update-account-recovery,1
https://facebook.com,0
https://dropbox.com/login,0
https://www.twitter.com/docs,0
https://github.com/about,0
https://www.youtube.com/dashboard,0
https://ebay.com,0
http://secure-amazon-login-verify.online/signin?token=64703,1
http://166.32.84.143/profile/update-account-recovery,1
http://login.verify.security.account.instagram.com.scam-node.net/auth,1
http://130.79.155.167/profile/update-account-recovery,1
http://banking-update.club/login/confirm_identity.php?user_id=109,1
http://appleid-verify.club/login/confirm_identity.php?user_id=300,1
http://login.verify.security.account.paypal.com.scam-node.net/auth,1
http://login.verify.security.account.microsoft.com.scam-node.net/auth,1
https://www.apple.com/profile,0
https://bankofamerica.com,0
https://www.youtube.com,0
http://login.verify.security.account.wikipedia.org.scam-node.net/auth,1
http://login.verify.security.account.youtube.com.scam-node.net/auth,1
http://168.10.98.84/profile/update-account-recovery,1
http://verify-account.info/login/confirm_identity.php?user_id=746,1
http://secure-paypal-login-verify.xyz/signin?token=28735,1
https://www.paypal.com/verify,0
https://wikipedia.org/dashboard,0
http://secure-paypal-login-verify.site/signin?token=82034,1
http://appleid-verify.club/login/confirm_identity.php?user_id=303,1
http://login.verify.security.account.linkedin.com.scam-node.net/auth,1
https://www.linkedin.com/login,0
http://secure-apple-login-verify.online/signin?token=27330,1
https://youtube.com,0
https://wellsfargo.com/profile,0
http://netflix-billing.info/login/confirm_identity.php?user_id=150,1
https://www.instagram.com,0
http://login.verify.security.account.chase.com.scam-node.net/auth,1
http://secure-netflix-login-verify.top/signin?token=87374,1
http://login.verify.security.account.chase.com.scam-node.net/auth,1
https://linkedin.com,0
http://login.verify.security.account.amazon.com.scam-node.net/auth,1
http://login.verify.security.account.instagram.com.scam-node.net/auth,1
http://banking-update.net/login/confirm_identity.php?user_id=237,1
https://bankofamerica.com/about,0
https://www.linkedin.com/billing,0
http://secure-login.online/login/confirm_identity.php?user_id=411,1
https://chase.com/billing,0
https://reddit.com/contact,0
http://179.130.149.1/signin/update-account-recovery,1
http://appleid-verify.info/login/confirm_identity.php?user_id=786,1
https://www.chase.com/about,0
https://chase.com/verify,0
http://secure-paypal-login-verify.tech/signin?token=22223,1
http://120.167.147.145/billing/update-account-recovery,1
https://reddit.com/settings,0
http://secure-amazon-login-verify.site/signin?token=86261,1
https://youtube.com/login,0
https://wellsfargo.com/profile,0
https://instagram.com/settings,0
https://dropbox.com/billing,0
http://login.verify.security.account.stackoverflow.com.scam-node.net/auth,1
https://apple.com,0
https://linkedin.com/dashboard,0
http://verify-account.top/login/confirm_identity.php?user_id=937,1
https://www.stackoverflow.com,0
http://login.verify.security.account.paypal.com.scam-node.net/auth,1
https://www.chase.com/contact,0
http://153.60.58.83/profile/update-account-recovery,1
https://www.netflix.com/about,0
https://reddit.com/home,0
http://secure-amazon-login-verify.top/signin?token=73252,1
https://paypal.com/dashboard,0
http://banking-update.top/login/confirm_identity.php?user_id=163,1
http://secure-chase-login-verify.xyz/signin?token=92845,1
http://177.193.148.238/settings/update-account-recovery,1
http://login.verify.security.account.twitter.com.scam-node.net/auth,1
http://129.42.133.228/security/update-account-recovery,1
https://bankofamerica.com/home,0
http://banking-update.xyz/login/confirm_identity.php?user_id=996,1
https://www.wikipedia.org/account,0
http://secure-netflix-login-verify.info/signin?token=60638,1
https://www.dropbox.com/docs,0
https://twitter.com,0
http://verify-account.site/login/confirm_identity.php?user_id=384,1
https://www.google.com,0
http://login.verify.security.account.linkedin.com.scam-node.net/auth,1
https://dropbox.com,0
http://login.verify.security.account.twitter.com.scam-node.net/auth,1
https://www.apple.com/signin,0
https://www.reddit.com/contact,0
https://www.chase.com/home,0
http://paypal-security.site/login/confirm_identity.php?user_id=891,1
http://secure-amazon-login-verify.tech/signin?token=90105,1
http://secure-apple-login-verify.net/signin?token=32016,1
http://secure-paypal-login-verify.xyz/signin?token=13684,1
http://104.164.22.88/about/update-account-recovery,1
https://www.youtube.com,0
https://bankofamerica.com/billing,0
https://www.wellsfargo.com/help,0
http://netflix-billing.info/login/confirm_identity.php?user_id=368,1
http://netflix-billing.info/login/confirm_identity.php?user_id=253,1
https://www.apple.com/security,0
http://verify-account.xyz/login/confirm_identity.php?user_id=186,1
http://102.29.101.14/billing/update-account-recovery,1
http://secure-chase-login-verify.net/signin?token=43432,1
http://secure-apple-login-verify.net/signin?token=36539,1
https://instagram.com/services,0
https://paypal.com/about,0
http://secure-chase-login-verify.tech/signin?token=14538,1
https://ebay.com/settings,0
http://login.verify.security.account.netflix.com.scam-node.net/auth,1
https://google.com,0
https://ebay.com/services,0
http://secure-apple-login-verify.top/signin?token=57484,1
https://www.paypal.com/settings,0
http://175.95.124.60/profile/update-account-recovery,1
http://login.verify.security.account.github.com.scam-node.net/auth,1
http://login.verify.security.account.google.com.scam-node.net/auth,1
http://152.136.6.69/services/update-account-recovery,1
http://login.verify.security.account.github.com.scam-node.net/auth,1
https://chase.com/about,0
http://190.109.202.150/signin/update-account-recovery,1
https://stackoverflow.com,0
http://161.43.84.173/security/update-account-recovery,1
https://dropbox.com,0
https://www.wikipedia.org/contact,0
https://www.chase.com,0
http://secure-login.site/login/confirm_identity.php?user_id=154,1
http://secure-chase-login-verify.top/signin?token=82705,1
https://www.apple.com/about,0
http://appleid-verify.xyz/login/confirm_identity.php?user_id=192,1
https://instagram.com/docs,0
http://paypal-security.info/login/confirm_identity.php?user_id=467,1
http://136.142.227.239/docs/update-account-recovery,1
http://154.244.2.146/billing/update-account-recovery,1
http://login.verify.security.account.linkedin.com.scam-node.net/auth,1
http://login.verify.security.account.stackoverflow.com.scam-node.net/auth,1
https://dropbox.com/verify,0
https://www.github.com/contact,0
http://secure-login.tech/login/confirm_identity.php?user_id=856,1
http://login.verify.security.account.microsoft.com.scam-node.net/auth,1
https://www.linkedin.com/contact,0
https://netflix.com/signin,0
https://reddit.com,0
https://www.linkedin.com/login,0
http://secure-login.info/login/confirm_identity.php?user_id=532,1
http://143.160.135.10/security/update-account-recovery,1
https://www.bankofamerica.com/security,0
https://www.wikipedia.org/services,0
http://secure-amazon-login-verify.net/signin?token=77600,1
https://www.dropbox.com/security,0
https://www.wikipedia.org/profile,0
https://www.ebay.com/contact,0
https://facebook.com/signin,0
http://148.249.17.78/dashboard/update-account-recovery,1
http://login.verify.security.account.wellsfargo.com.scam-node.net/auth,1
https://www.github.com,0
http://netflix-billing.top/login/confirm_identity.php?user_id=405,1
https://www.reddit.com/profile,0
http://167.221.228.156/account/update-account-recovery,1
https://apple.com/security,0
https://www.reddit.com/about,0
https://netflix.com/contact,0
https://www.linkedin.com,0
https://www.bankofamerica.com/docs,0
https://www.chase.com/profile,0
https://www.github.com/contact,0
https://www.google.com/login,0
https://reddit.com/services,0
https://instagram.com,0
http://secure-apple-login-verify.online/signin?token=58460,1
https://www.ebay.com/billing,0
https://wellsfargo.com/verify,0
http://110.54.103.152/verify/update-account-recovery,1
http://login.verify.security.account.stackoverflow.com.scam-node.net/auth,1
https://stackoverflow.com,0
https://github.com,0
https://www.facebook.com/billing,0
http://login.verify.security.account.reddit.com.scam-node.net/auth,1
http://176.190.108.170/dashboard/update-account-recovery,1
https://www.youtube.com/settings,0
http://login.verify.security.account.bankofamerica.com.scam-node.net/auth,1
https://www.wikipedia.org/home,0
http://160.114.187.174/home/update-account-recovery,1
http://login.verify.security.account.netflix.com.scam-node.net/auth,1
http://secure-login.club/login/confirm_identity.php?user_id=833,1
https://www.facebook.com/dashboard,0
http://183.213.25.48/contact/update-account-recovery,1
http://secure-apple-login-verify.online/signin?token=35787,1
http://login.verify.security.account.wellsfargo.com.scam-node.net/auth,1
https://wellsfargo.com/account,0
https://www.wikipedia.org,0
http://secure-chase-login-verify.tech/signin?token=65563,1
http://banking-update.site/login/confirm_identity.php?user_id=741,1
https://microsoft.com,0
http://verify-account.site/login/confirm_identity.php?user_id=391,1
https://ebay.com/settings,0
http://secure-paypal-login-verify.tech/signin?token=36671,1
http://secure-apple-login-verify.top/signin?token=48105,1
https://dropbox.com/about,0
https://www.wellsfargo.com/signin,0
https://www.amazon.com/profile,0
https://dropbox.com/billing,0
https://ebay.com/contact,0
http://secure-apple-login-verify.top/signin?token=34070,1
http://paypal-security.tech/login/confirm_identity.php?user_id=364,1
https://netflix.com/contact,0
http://121.108.197.10/home/update-account-recovery,1
http://secure-apple-login-verify.online/signin?token=93920,1
https://apple.com/profile,0
https://www.chase.com/settings,0
http://secure-chase-login-verify.xyz/signin?token=48039,1
https://www.netflix.com,0
http://188.247.181.228/account/update-account-recovery,1
http://appleid-verify.info/login/confirm_identity.php?user_id=239,1
http://152.97.221.230/profile/update-account-recovery,1
https://www.reddit.com/about,0
https://www.wikipedia.org,0
http://secure-netflix-login-verify.club/signin?token=87813,1
http://secure-paypal-login-verify.site/signin?token=82504,1
https://youtube.com/profile,0
http://login.verify.security.account.bankofamerica.com.scam-node.net/auth,1
https://www.amazon.com,0
http://login.verify.security.account.reddit.com.scam-node.net/auth,1
http://paypal-security.net/login/confirm_identity.php?user_id=427,1
https://www.wellsfargo.com,0
http://secure-login.online/login/confirm_identity.php?user_id=710,1
http://verify-account.tech/login/confirm_identity.php?user_id=878,1
http://login.verify.security.account.dropbox.com.scam-node.net/auth,1
https://www.wellsfargo.com,0
https://youtube.com/help,0
http://secure-apple-login-verify.xyz/signin?token=21119,1
https://google.com/docs,0
http://152.173.231.188/profile/update-account-recovery,1
http://appleid-verify.tech/login/confirm_identity.php?user_id=786,1
http://secure-chase-login-verify.club/signin?token=26570,1
https://apple.com/profile,0
https://bankofamerica.com,0
https://dropbox.com,0
https://www.stackoverflow.com/about,0
https://apple.com,0
https://stackoverflow.com,0
http://166.18.233.39/security/update-account-recovery,1
http://paypal-security.net/login/confirm_identity.php?user_id=790,1
http://secure-netflix-login-verify.net/signin?token=16069,1
http://secure-chase-login-verify.tech/signin?token=13481,1
http://secure-chase-login-verify.top/signin?token=90876,1
https://www.paypal.com/account,0
http://login.verify.security.account.twitter.com.scam-node.net/auth,1
http://banking-update.tech/login/confirm_identity.php?user_id=122,1
https://chase.com,0
https://www.microsoft.com,0
https://youtube.com/account,0
https://youtube.com,0
http://login.verify.security.account.linkedin.com.scam-node.net/auth,1
http://secure-amazon-login-verify.club/signin?token=68215,1
http://login.verify.security.account.github.com.scam-node.net/auth,1
https://www.apple.com,0
https://www.bankofamerica.com/dashboard,0
https://amazon.com/account,0
http://113.12.121.185/login/update-account-recovery,1
https://www.ebay.com/services,0
http://136.206.159.71/services/update-account-recovery,1
http://146.203.233.108/settings/update-account-recovery,1
http://174.23.78.181/docs/update-account-recovery,1
http://124.150.162.224/settings/update-account-recovery,1
https://facebook.com/signin,0
http://paypal-security.tech/login/confirm_identity.php?user_id=847,1
http://login.verify.security.account.bankofamerica.com.scam-node.net/auth,1
https://amazon.com/billing,0
http://193.56.179.203/settings/update-account-recovery,1
http://173.65.68.123/account/update-account-recovery,1
https://www.chase.com/docs,0
http://secure-netflix-login-verify.top/signin?token=24504,1
https://www.facebook.com/contact,0
http://login.verify.security.account.chase.com.scam-node.net/auth,1
https://www.wikipedia.org/services,0
http://secure-apple-login-verify.tech/signin?token=17036,1
https://www.paypal.com/help,0
https://wellsfargo.com/security,0
http://paypal-security.top/login/confirm_identity.php?user_id=946,1
http://secure-apple-login-verify.info/signin?token=56406,1
https://www.dropbox.com/signin,0
https://www.linkedin.com,0
https://www.twitter.com/help,0
https://wellsfargo.com/account,0
http://login.verify.security.account.youtube.com.scam-node.net/auth,1
http://secure-chase-login-verify.xyz/signin?token=35705,1
http://secure-apple-login-verify.online/signin?token=98159,1
http://secure-paypal-login-verify.net/signin?token=93228,1
http://secure-login.xyz/login/confirm_identity.php?user_id=689,1
https://www.youtube.com/billing,0
http://netflix-billing.site/login/confirm_identity.php?user_id=768,1
http://netflix-billing.club/login/confirm_identity.php?user_id=308,1
http://secure-amazon-login-verify.net/signin?token=70955,1
http://login.verify.security.account.dropbox.com.scam-node.net/auth,1
https://youtube.com/dashboard,0
http://netflix-billing.xyz/login/confirm_identity.php?user_id=690,1
https://www.microsoft.com/login,0
https://www.microsoft.com/services,0
http://secure-paypal-login-verify.tech/signin?token=59110,1
http://secure-netflix-login-verify.online/signin?token=78748,1
https://dropbox.com,0
https://www.paypal.com/docs,0
http://login.verify.security.account.netflix.com.scam-node.net/auth,1
http://login.verify.security.account.twitter.com.scam-node.net/auth,1
https://www.chase.com/about,0
https://www.wikipedia.org,0
https://youtube.com/account,0
http://appleid-verify.club/login/confirm_identity.php?user_id=206,1
https://www.wellsfargo.com/security,0
http://secure-netflix-login-verify.online/signin?token=52515,1
http://secure-apple-login-verify.club/signin?token=45152,1
https://ebay.com/login,0
http://banking-update.top/login/confirm_identity.php?user_id=904,1
http://login.verify.security.account.facebook.com.scam-node.net/auth,1
https://facebook.com,0
http://secure-amazon-login-verify.info/signin?token=68589,1
https://www.bankofamerica.com/login,0
https://facebook.com/docs,0
https://www.twitter.com,0
http://162.249.82.174/dashboard/update-account-recovery,1
https://chase.com/contact,0
https://netflix.com/home,0
https://www.wellsfargo.com/about,0
https://www.facebook.com/settings,0
https://dropbox.com/profile,0
https://www.ebay.com/contact,0
https://www.netflix.com/contact,0
http://secure-amazon-login-verify.info/signin?token=55174,1
http://appleid-verify.net/login/confirm_identity.php?user_id=477,1
http://login.verify.security.account.chase.com.scam-node.net/auth,1
http://banking-update.info/login/confirm_identity.php?user_id=131,1
https://twitter.com,0
http://login.verify.security.account.chase.com.scam-node.net/auth,1
https://wikipedia.org/contact,0
https://amazon.com/security,0
https://twitter.com/billing,0
https://www.amazon.com/help,0
http://secure-login.net/login/confirm_identity.php?user_id=157,1
https://bankofamerica.com,0
https://www.reddit.com/settings,0
http://netflix-billing.club/login/confirm_identity.php?user_id=735,1
http://secure-login.info/login/confirm_identity.php?user_id=695,1
http://197.37.216.11/help/update-account-recovery,1
http://banking-update.online/login/confirm_identity.php?user_id=842,1
https://twitter.com,0
http://appleid-verify.top/login/confirm_identity.php?user_id=153,1
http://verify-account.xyz/login/confirm_identity.php?user_id=794,1
https://www.bankofamerica.com,0
https://www.dropbox.com/verify,0
https://www.microsoft.com,0
https://www.microsoft.com/security,0
http://100.215.61.237/services/update-account-recovery,1
https://github.com/about,0
http://secure-apple-login-verify.net/signin?token=19248,1
https://linkedin.com/login,0
https://www.apple.com/contact,0
http://login.verify.security.account.stackoverflow.com.scam-node.net/auth,1
http://paypal-security.info/login/confirm_identity.php?user_id=972,1
http://secure-login.club/login/confirm_identity.php?user_id=326,1
https://github.com,0
http://banking-update.xyz/login/confirm_identity.php?user_id=338,1
http://login.verify.security.account.twitter.com.scam-node.net/auth,1
http://login.verify.security.account.chase.com.scam-node.net/auth,1
http://login.verify.security.account.netflix.com.scam-node.net/auth,1
https://paypal.com/home,0
http://netflix-billing.net/login/confirm_identity.php?user_id=139,1
http://104.228.43.215/about/update-account-recovery,1
http://172.137.244.215/services/update-account-recovery,1
http://appleid-verify.net/login/confirm_identity.php?user_id=672,1
https://www.bankofamerica.com/about,0
https://ebay.com,0
http://verify-account.info/login/confirm_identity.php?user_id=636,1
https://www.chase.com,0
https://www.apple.com/dashboard,0
https://www.wellsfargo.com/about,0
https://bankofamerica.com/login,0
https://linkedin.com/settings,0
http://secure-login.net/login/confirm_identity.php?user_id=148,1
http://verify-account.info/login/confirm_identity.php?user_id=502,1
https://google.com,0
https://reddit.com/services,0
http://banking-update.info/login/confirm_identity.php?user_id=583,1
http://paypal-security.site/login/confirm_identity.php?user_id=285,1
http://secure-chase-login-verify.tech/signin?token=56414,1
https://www.facebook.com/home,0
http://101.79.21.175/help/update-account-recovery,1
http://secure-netflix-login-verify.club/signin?token=30615,1
http://secure-apple-login-verify.net/signin?token=77399,1
http://login.verify.security.account.bankofamerica.com.scam-node.net/auth,1
http://login.verify.security.account.facebook.com.scam-node.net/auth,1
http://login.verify.security.account.apple.com.scam-node.net/auth,1
https://wellsfargo.com,0
http://secure-netflix-login-verify.online/signin?token=65859,1
http://paypal-security.xyz/login/confirm_identity.php?user_id=704,1
http://secure-apple-login-verify.info/signin?token=45395,1
https://www.google.com/verify,0
http://109.31.219.11/about/update-account-recovery,1
http://168.149.178.148/dashboard/update-account-recovery,1
http://verify-account.site/login/confirm_identity.php?user_id=390,1
https://www.twitter.com/help,0
http://114.206.51.67/settings/update-account-recovery,1
https://apple.com/verify,0
http://secure-amazon-login-verify.top/signin?token=95337,1
https://twitter.com/help,0
https://www.bankofamerica.com/security,0
http://164.69.201.252/about/update-account-recovery,1
http://105.27.221.77/verify/update-account-recovery,1
http://login.verify.security.account.github.com.scam-node.net/auth,1
https://www.ebay.com/signin,0
https://www.paypal.com/account,0
https://www.microsoft.com/billing,0
http://appleid-verify.site/login/confirm_identity.php?user_id=671,1
https://www.twitter.com/billing,0
http://login.verify.security.account.linkedin.com.scam-node.net/auth,1
http://secure-apple-login-verify.top/signin?token=78991,1
https://www.facebook.com/home,0
https://www.stackoverflow.com,0
http://banking-update.info/login/confirm_identity.php?user_id=666,1
https://www.youtube.com/profile,0
http://login.verify.security.account.apple.com.scam-node.net/auth,1
http://netflix-billing.site/login/confirm_identity.php?user_id=427,1
https://www.paypal.com/profile,0
http://login.verify.security.account.bankofamerica.com.scam-node.net/auth,1
https://twitter.com,0
https://chase.com/help,0
https://www.wellsfargo.com/dashboard,0
https://microsoft.com,0
http://secure-apple-login-verify.info/signin?token=33567,1
https://paypal.com/verify,0
http://123.51.252.216/dashboard/update-account-recovery,1
https://github.com/account,0
https://www.twitter.com/about,0
https://www.bankofamerica.com,0
https://stackoverflow.com/docs,0
http://187.97.128.5/signin/update-account-recovery,1
http://secure-amazon-login-verify.net/signin?token=28807,1
https://linkedin.com/login,0
http://159.142.181.226/about/update-account-recovery,1
https://www.bankofamerica.com,0
https://dropbox.com/login,0
https://www.chase.com,0
https://facebook.com,0
https://linkedin.com,0
http://secure-login.info/login/confirm_identity.php?user_id=179,1
https://chase.com,0
https://www.github.com,0
http://159.101.170.238/billing/update-account-recovery,1
http://secure-apple-login-verify.xyz/signin?token=62178,1
https://www.apple.com/login,0
http://secure-paypal-login-verify.club/signin?token=69563,1
https://paypal.com,0
http://login.verify.security.account.facebook.com.scam-node.net/auth,1
http://secure-chase-login-verify.tech/signin?token=87906,1
http://netflix-billing.xyz/login/confirm_identity.php?user_id=135,1
https://apple.com/security,0
https://www.netflix.com/dashboard,0
http://103.119.143.218/billing/update-account-recovery,1
http://paypal-security.xyz/login/confirm_identity.php?user_id=224,1
https://apple.com,0
http://secure-paypal-login-verify.online/signin?token=64414,1
http://appleid-verify.site/login/confirm_identity.php?user_id=266,1
http://secure-netflix-login-verify.online/signin?token=95899,1
https://www.amazon.com/about,0
https://www.amazon.com/profile,0
http://paypal-security.xyz/login/confirm_identity.php?user_id=666,1
https://wikipedia.org/services,0
http://154.196.102.160/verify/update-account-recovery,1
https://www.instagram.com/help,0
https://www.google.com/login,0
http://127.42.143.134/profile/update-account-recovery,1
https://instagram.com/login,0
http://paypal-security.site/login/confirm_identity.php?user_id=385,1
https://www.microsoft.com/signin,0
http://login.verify.security.account.bankofamerica.com.scam-node.net/auth,1
https://www.linkedin.com,0
http://178.50.193.5/docs/update-account-recovery,1
https://netflix.com/help,0
https://www.reddit.com,0
https://www.apple.com/help,0
https://www.linkedin.com/profile,0
http://186.141.103.26/contact/update-account-recovery,1
http://secure-login.info/login/confirm_identity.php?user_id=259,1
https://microsoft.com,0
http://verify-account.site/login/confirm_identity.php?user_id=959,1
http://secure-chase-login-verify.club/signin?token=80484,1
https://www.chase.com,0
https://microsoft.com/security,0
https://www.bankofamerica.com,0
http://paypal-security.site/login/confirm_identity.php?user_id=204,1
http://login.verify.security.account.apple.com.scam-node.net/auth,1
https://www.ebay.com/verify,0
https://bankofamerica.com,0
http://paypal-security.net/login/confirm_identity.php?user_id=686,1
http://verify-account.xyz/login/confirm_identity.php?user_id=811,1
http://secure-chase-login-verify.club/signin?token=13178,1
https://www.google.com/billing,0
https://www.bankofamerica.com,0
http://login.verify.security.account.reddit.com.scam-node.net/auth,1
http://verify-account.info/login/confirm_identity.php?user_id=516,1
http://125.214.244.105/account/update-account-recovery,1
https://bankofamerica.com/account,0
http://login.verify.security.account.microsoft.com.scam-node.net/auth,1
http://login.verify.security.account.wellsfargo.com.scam-node.net/auth,1
https://wellsfargo.com/verify,0
http://login.verify.security.account.paypal.com.scam-node.net/auth,1
https://dropbox.com/signin,0
https://www.netflix.com/home,0
http://146.29.221.206/billing/update-account-recovery,1
https://youtube.com/account,0
http://176.248.215.50/about/update-account-recovery,1
https://github.com/about,0
https://www.amazon.com/signin,0
https://wikipedia.org/login,0
https://www.twitter.com/verify,0
http://verify-account.club/login/confirm_identity.php?user_id=775,1
https://www.stackoverflow.com,0
http://107.156.88.243/help/update-account-recovery,1
https://netflix.com/account,0
http://117.38.136.151/help/update-account-recovery,1
http://netflix-billing.top/login/confirm_identity.php?user_id=351,1
http://132.244.84.92/login/update-account-recovery,1
https://chase.com/home,0
http://200.231.129.57/about/update-account-recovery,1
https://www.github.com/billing,0
https://www.reddit.com/profile,0
http://banking-update.net/login/confirm_identity.php?user_id=620,1
https://dropbox.com/docs,0
https://www.twitter.com/settings,0
https://amazon.com,0
http://188.253.46.34/home/update-account-recovery,1
https://google.com/settings,0
https://dropbox.com/docs,0
http://login.verify.security.account.youtube.com.scam-node.net/auth,1
http://verify-account.xyz/login/confirm_identity.php?user_id=255,1
http://login.verify.security.account.chase.com.scam-node.net/auth,1
https://reddit.com/login,0
https://chase.com/contact,0
http://appleid-verify.club/login/confirm_identity.php?user_id=108,1
http://174.197.50.29/home/update-account-recovery,1
https://facebook.com/account,0
http://verify-account.top/login/confirm_identity.php?user_id=303,1
https://www.chase.com/signin,0
http://secure-paypal-login-verify.site/signin?token=78837,1
https://wellsfargo.com/services,0
https://google.com,0
https://ebay.com,0
https://chase.com/signin,0
https://www.netflix.com,0
http://185.240.43.118/login/update-account-recovery,1
https://www.netflix.com/home,0
https://ebay.com/help,0
http://147.6.190.77/profile/update-account-recovery,1
http://login.verify.security.account.reddit.com.scam-node.net/auth,1
https://youtube.com/login,0
http://netflix-billing.tech/login/confirm_identity.php?user_id=489,1
http://login.verify.security.account.amazon.com.scam-node.net/auth,1
https://www.ebay.com/home,0
https://www.stackoverflow.com/services,0
https://github.com/docs,0
https://paypal.com,0
http://197.180.215.239/verify/update-account-recovery,1
http://secure-chase-login-verify.net/signin?token=98390,1
https://www.ebay.com/settings,0
http://secure-chase-login-verify.net/signin?token=68696,1
https://youtube.com/dashboard,0
http://login.verify.security.account.bankofamerica.com.scam-node.net/auth,1
http://appleid-verify.online/login/confirm_identity.php?user_id=516,1
http://158.187.7.209/account/update-account-recovery,1
https://www.youtube.com/login,0
https://chase.com/about,0
https://www.facebook.com,0
http://secure-paypal-login-verify.tech/signin?token=87471,1
https://www.google.com,0
http://secure-chase-login-verify.club/signin?token=29619,1
http://174.82.41.215/home/update-account-recovery,1
https://twitter.com/contact,0
https://www.stackoverflow.com/signin,0
https://www.paypal.com,0
https://www.google.com/about,0
http://101.36.74.51/contact/update-account-recovery,1
http://120.182.134.21/home/update-account-recovery,1
https://www.ebay.com,0
http://netflix-billing.xyz/login/confirm_identity.php?user_id=658,1
http://login.verify.security.account.github.com.scam-node.net/auth,1
https://reddit.com,0
http://secure-amazon-login-verify.site/signin?token=28360,1
https://www.chase.com/dashboard,0
https://www.paypal.com/billing,0
http://netflix-billing.xyz/login/confirm_identity.php?user_id=228,1
https://ebay.com/verify,0
http://login.verify.security.account.paypal.com.scam-node.net/auth,1
http://appleid-verify.net/login/confirm_identity.php?user_id=564,1
http://secure-login.net/login/confirm_identity.php?user_id=284,1
https://dropbox.com/account,0
http://verify-account.club/login/confirm_identity.php?user_id=631,1
http://158.117.123.64/home/update-account-recovery,1
https://twitter.com/security,0
http://secure-login.info/login/confirm_identity.php?user_id=137,1
https://www.instagram.com/billing,0
https://google.com/docs,0
https://netflix.com,0
http://paypal-security.top/login/confirm_identity.php?user_id=732,1
http://login.verify.security.account.dropbox.com.scam-node.net/auth,1
https://www.reddit.com/home,0
https://paypal.com/docs,0
https://chase.com/login,0
https://stackoverflow.com/verify,0
http://paypal-security.xyz/login/confirm_identity.php?user_id=263,1
https://instagram.com/home,0
https://www.netflix.com/about,0
https://www.youtube.com/verify,0
http://secure-apple-login-verify.net/signin?token=69907,1
https://www.netflix.com/services,0
http://login.verify.security.account.facebook.com.scam-node.net/auth,1
https://www.paypal.com,0
https://facebook.com,0
http://166.95.61.250/help/update-account-recovery,1
https://www.chase.com/help,0
http://appleid-verify.xyz/login/confirm_identity.php?user_id=381,1
http://verify-account.xyz/login/confirm_identity.php?user_id=924,1
http://netflix-billing.online/login/confirm_identity.php?user_id=586,1
https://github.com/profile,0
http://login.verify.security.account.wellsfargo.com.scam-node.net/auth,1
https://dropbox.com/home,0
https://www.github.com/profile,0
https://www.wellsfargo.com/signin,0
http://login.verify.security.account.instagram.com.scam-node.net/auth,1
https://www.microsoft.com,0
http://login.verify.security.account.stackoverflow.com.scam-node.net/auth,1
http://secure-paypal-login-verify.online/signin?token=58205,1
http://112.87.103.99/docs/update-account-recovery,1
https://twitter.com,0
http://secure-apple-login-verify.net/signin?token=20518,1
https://www.paypal.com,0
http://184.186.167.165/verify/update-account-recovery,1
http://netflix-billing.site/login/confirm_identity.php?user_id=329,1
https://instagram.com/docs,0
https://www.linkedin.com/services,0
https://dropbox.com/about,0
https://reddit.com,0
http://login.verify.security.account.stackoverflow.com.scam-node.net/auth,1
https://chase.com/verify,0
http://secure-apple-login-verify.net/signin?token=80043,1
https://www.apple.com,0
https://stackoverflow.com/verify,0
http://190.179.118.86/security/update-account-recovery,1
https://twitter.com/billing,0
http://appleid-verify.info/login/confirm_identity.php?user_id=993,1
http://secure-netflix-login-verify.online/signin?token=24440,1
https://chase.com,0
http://verify-account.top/login/confirm_identity.php?user_id=334,1
http://secure-chase-login-verify.club/signin?token=52504,1
http://login.verify.security.account.chase.com.scam-node.net/auth,1
https://netflix.com,0
https://www.reddit.com,0
http://paypal-security.site/login/confirm_identity.php?user_id=427,1
http://secure-login.site/login/confirm_identity.php?user_id=242,1
http://appleid-verify.online/login/confirm_identity.php?user_id=199,1
http://appleid-verify.top/login/confirm_identity.php?user_id=950,1
http://login.verify.security.account.google.com.scam-node.net/auth,1
http://180.93.125.227/docs/update-account-recovery,1
http://paypal-security.top/login/confirm_identity.php?user_id=154,1
https://www.instagram.com,0
http://login.verify.security.account.chase.com.scam-node.net/auth,1
https://stackoverflow.com,0
https://stackoverflow.com,0
https://netflix.com,0
http://login.verify.security.account.stackoverflow.com.scam-node.net/auth,1
http://login.verify.security.account.dropbox.com.scam-node.net/auth,1
https://facebook.com,0
https://wellsfargo.com/login,0
http://secure-paypal-login-verify.net/signin?token=69888,1
http://116.50.53.67/billing/update-account-recovery,1
https://dropbox.com/login,0
http://banking-update.club/login/confirm_identity.php?user_id=323,1
https://www.github.com/contact,0
http://login.verify.security.account.apple.com.scam-node.net/auth,1
https://microsoft.com/account,0
https://apple.com,0
http://login.verify.security.account.microsoft.com.scam-node.net/auth,1
http://secure-paypal-login-verify.info/signin?token=82023,1
https://www.dropbox.com/profile,0
http://login.verify.security.account.google.com.scam-node.net/auth,1
http://login.verify.security.account.chase.com.scam-node.net/auth,1
http://paypal-security.site/login/confirm_identity.php?user_id=190,1
https://www.stackoverflow.com,0
https://www.amazon.com/contact,0
https://youtube.com/docs,0
https://google.com,0
http://appleid-verify.online/login/confirm_identity.php?user_id=491,1
http://appleid-verify.xyz/login/confirm_identity.php?user_id=455,1
https://www.wikipedia.org/verify,0
https://facebook.com,0
http://login.verify.security.account.netflix.com.scam-node.net/auth,1
http://157.111.190.182/help/update-account-recovery,1
https://www.paypal.com/services,0
http://secure-login.online/login/confirm_identity.php?user_id=781,1
https://apple.com/dashboard,0
https://wellsfargo.com/contact,0
http://netflix-billing.net/login/confirm_identity.php?user_id=566,1
http://login.verify.security.account.apple.com.scam-node.net/auth,1
https://google.com/about,0
https://amazon.com,0
https://wellsfargo.com,0
http://secure-chase-login-verify.net/signin?token=85100,1
http://netflix-billing.info/login/confirm_identity.php?user_id=512,1
https://www.twitter.com/profile,0
https://paypal.com,0
https://dropbox.com/verify,0
http://secure-netflix-login-verify.tech/signin?token=55873,1
http://appleid-verify.net/login/confirm_identity.php?user_id=436,1
https://github.com,0
http://login.verify.security.account.facebook.com.scam-node.net/auth,1
https://apple.com/services,0
http://secure-apple-login-verify.top/signin?token=27711,1
https://www.instagram.com,0
https://www.chase.com/docs,0
http://login.verify.security.account.reddit.com.scam-node.net/auth,1
http://verify-account.xyz/login/confirm_identity.php?user_id=471,1
http://login.verify.security.account.microsoft.com.scam-node.net/auth,1
http://101.117.123.117/docs/update-account-recovery,1
http://159.47.122.254/login/update-account-recovery,1
https://chase.com,0
https://bankofamerica.com/services,0
http://secure-paypal-login-verify.net/signin?token=54153,1
http://netflix-billing.site/login/confirm_identity.php?user_id=101,1
http://125.63.184.41/settings/update-account-recovery,1
https://www.bankofamerica.com,0
https://ebay.com/profile,0
http://login.verify.security.account.twitter.com.scam-node.net/auth,1
http://164.203.173.177/home/update-account-recovery,1
http://login.verify.security.account.microsoft.com.scam-node.net/auth,1
http://verify-account.tech/login/confirm_identity.php?user_id=251,1
http://secure-chase-login-verify.site/signin?token=43740,1
http://secure-amazon-login-verify.xyz/signin?token=91533,1
http://secure-netflix-login-verify.info/signin?token=82483,1
https://www.amazon.com/about,0
https://www.chase.com,0
https://www.dropbox.com/signin,0
http://login.verify.security.account.wikipedia.org.scam-node.net/auth,1
https://www.bankofamerica.com/billing,0
https://www.netflix.com/docs,0
https://dropbox.com,0
http://122.17.89.142/contact/update-account-recovery,1
https://www.youtube.com,0
http://login.verify.security.account.youtube.com.scam-node.net/auth,1
https://www.google.com/settings,0
http://124.132.164.237/signin/update-account-recovery,1
http://login.verify.security.account.stackoverflow.com.scam-node.net/auth,1
http://login.verify.security.account.linkedin.com.scam-node.net/auth,1
https://www.apple.com/dashboard,0
https://www.stackoverflow.com/settings,0
http://113.215.251.4/contact/update-account-recovery,1
https://stackoverflow.com/services,0
http://banking-update.net/login/confirm_identity.php?user_id=884,1
https://www.google.com,0
https://google.com/about,0
http://secure-apple-login-verify.tech/signin?token=79286,1
http://secure-chase-login-verify.site/signin?token=34285,1
https://stackoverflow.com,0
https://www.amazon.com/settings,0
http://login.verify.security.account.youtube.com.scam-node.net/auth,1
http://146.245.213.40/verify/update-account-recovery,1
https://paypal.com,0
http://174.83.156.110/home/update-account-recovery,1
http://140.15.63.50/settings/update-account-recovery,1
https://www.reddit.com/account,0
https://wellsfargo.com/security,0
https://www.github.com/docs,0
https://www.paypal.com/contact,0
https://google.com,0
http://login.verify.security.account.instagram.com.scam-node.net/auth,1
http://secure-apple-login-verify.top/signin?token=61649,1
https://www.netflix.com,0
https://www.linkedin.com/contact,0
https://www.instagram.com,0
http://199.79.217.65/login/update-account-recovery,1
https://linkedin.com,0
http://secure-netflix-login-verify.net/signin?token=24044,1
http://190.181.58.14/contact/update-account-recovery,1
https://www.wikipedia.org,0
http://login.verify.security.account.ebay.com.scam-node.net/auth,1
https://netflix.com/about,0
https://www.instagram.com/verify,0
https://wikipedia.org,0
http://122.112.175.183/docs/update-account-recovery,1
https://www.amazon.com/home,0
http://104.183.76.91/docs/update-account-recovery,1
http://login.verify.security.account.reddit.com.scam-node.net/auth,1
https://netflix.com,0
https://www.dropbox.com/home,0
http://secure-login.site/login/confirm_identity.php?user_id=559,1
http://secure-chase-login-verify.tech/signin?token=56834,1
http://login.verify.security.account.stackoverflow.com.scam-node.net/auth,1
https://chase.com/dashboard,0
https://www.wellsfargo.com/help,0
http://login.verify.security.account.reddit.com.scam-node.net/auth,1
http://login.verify.security.account.chase.com.scam-node.net/auth,1
http://login.verify.security.account.ebay.com.scam-node.net/auth,1
http://184.53.250.3/security/update-account-recovery,1
http://login.verify.security.account.youtube.com.scam-node.net/auth,1
https://ebay.com/help,0
https://google.com,0
http://netflix-billing.online/login/confirm_identity.php?user_id=943,1
https://www.amazon.com/services,0
http://135.145.185.201/home/update-account-recovery,1
http://158.16.102.177/signin/update-account-recovery,1
http://login.verify.security.account.twitter.com.scam-node.net/auth,1
https://facebook.com/dashboard,0
https://www.youtube.com/settings,0
http://verify-account.info/login/confirm_identity.php?user_id=440,1
http://verify-account.site/login/confirm_identity.php?user_id=121,1
https://www.facebook.com,0
http://login.verify.security.account.apple.com.scam-node.net/auth,1
http://179.151.87.31/verify/update-account-recovery,1
http://secure-login.top/login/confirm_identity.php?user_id=679,1
https://youtube.com,0
http://secure-chase-login-verify.online/signin?token=77468,1
https://www.microsoft.com/home,0
http://login.verify.security.account.stackoverflow.com.scam-node.net/auth,1
http://180.4.208.198/settings/update-account-recovery,1
http://161.55.47.212/help/update-account-recovery,1
http://secure-chase-login-verify.site/signin?token=84530,1
https://wellsfargo.com/contact,0
http://secure-chase-login-verify.site/signin?token=26192,1
https://www.dropbox.com,0
https://youtube.com/login,0
http://login.verify.security.account.reddit.com.scam-node.net/auth,1
http://verify-account.online/login/confirm_identity.php?user_id=809,1
https://github.com,0
http://152.253.189.108/profile/update-account-recovery,1
https://netflix.com/account,0
http://banking-update.net/login/confirm_identity.php?user_id=240,1
https://dropbox.com/login,0
http://195.231.97.72/login/update-account-recovery,1
https://dropbox.com/services,0
https://twitter.com/contact,0
http://paypal-security.net/login/confirm_identity.php?user_id=570,1
http://113.201.224.175/docs/update-account-recovery,1
http://129.97.194.221/billing/update-account-recovery,1
http://133.224.51.206/profile/update-account-recovery,1
http://155.34.155.91/settings/update-account-recovery,1
http://135.95.121.93/docs/update-account-recovery,1
https://apple.com/docs,0
https://www.apple.com/dashboard,0
http://113.37.38.58/login/update-account-recovery,1
http://secure-netflix-login-verify.club/signin?token=66231,1
https://dropbox.com,0
https://www.apple.com/contact,0
http://secure-netflix-login-verify.info/signin?token=75620,1
https://facebook.com,0
http://secure-netflix-login-verify.club/signin?token=95978,1
https://facebook.com/settings,0
http://login.verify.security.account.netflix.com.scam-node.net/auth,1
https://www.microsoft.com/verify,0
http://login.verify.security.account.amazon.com.scam-node.net/auth,1
http://secure-amazon-login-verify.online/signin?token=22098,1
https://www.github.com,0
http://netflix-billing.info/login/confirm_identity.php?user_id=391,1
https://www.reddit.com,0
https://www.google.com/billing,0
http://secure-amazon-login-verify.top/signin?token=73852,1
https://bankofamerica.com/login,0
https://facebook.com/billing,0
http://login.verify.security.account.apple.com.scam-node.net/auth,1
https://bankofamerica.com/docs,0
http://secure-netflix-login-verify.info/signin?token=41837,1
http://secure-login.site/login/confirm_identity.php?user_id=634,1
https://www.twitter.com/billing,0
https://amazon.com/profile,0
http://181.83.133.59/settings/update-account-recovery,1
http://128.187.68.189/profile/update-account-recovery,1
http://secure-login.club/login/confirm_identity.php?user_id=342,1
http://login.verify.security.account.amazon.com.scam-node.net/auth,1
https://www.google.com/help,0
http://secure-chase-login-verify.club/signin?token=28143,1
https://linkedin.com/signin,0
http://appleid-verify.xyz/login/confirm_identity.php?user_id=175,1
https://www.chase.com,0
http://verify-account.net/login/confirm_identity.php?user_id=440,1
https://google.com/dashboard,0
https://reddit.com/profile,0
https://www.instagram.com/contact,0
http://login.verify.security.account.paypal.com.scam-node.net/auth,1
http://169.250.138.205/login/update-account-recovery,1
http://secure-apple-login-verify.net/signin?token=52727,1
https://reddit.com/login,0
https://facebook.com/help,0
http://secure-netflix-login-verify.tech/signin?token=82785,1
http://secure-amazon-login-verify.net/signin?token=90438,1
http://appleid-verify.top/login/confirm_identity.php?user_id=806,1
http://secure-netflix-login-verify.info/signin?token=86915,1
http://login.verify.security.account.twitter.com.scam-node.net/auth,1
http://login.verify.security.account.google.com.scam-node.net/auth,1
https://twitter.com/home,0
https://www.twitter.com/contact,0
http://secure-amazon-login-verify.info/signin?token=20571,1
http://appleid-verify.xyz/login/confirm_identity.php?user_id=754,1
http://116.219.190.57/about/update-account-recovery,1
https://www.youtube.com/security,0
https://www.amazon.com/account,0
https://www.apple.com,0
https://microsoft.com/settings,0
http://banking-update.tech/login/confirm_identity.php?user_id=305,1
http://verify-account.club/login/confirm_identity.php?user_id=249,1
http://netflix-billing.tech/login/confirm_identity.php?user_id=138,1
http://login.verify.security.account.dropbox.com.scam-node.net/auth,1
http://login.verify.security.account.dropbox.com.scam-node.net/auth,1
http://secure-netflix-login-verify.info/signin?token=13199,1
http://login.verify.security.account.stackoverflow.com.scam-node.net/auth,1
https://stackoverflow.com/login,0
https://reddit.com/signin,0
https://www.ebay.com,0
http://185.89.40.70/contact/update-account-recovery,1
https://www.bankofamerica.com/verify,0
https://www.microsoft.com/account,0
https://www.wellsfargo.com,0
http://secure-apple-login-verify.xyz/signin?token=72033,1
https://www.ebay.com,0
https://microsoft.com/profile,0
https://dropbox.com,0
https://www.google.com/signin,0
http://secure-apple-login-verify.top/signin?token=35146,1
http://secure-login.top/login/confirm_identity.php?user_id=513,1
http://secure-netflix-login-verify.online/signin?token=54358,1
https://wikipedia.org/login,0
http://login.verify.security.account.linkedin.com.scam-node.net/auth,1
https://microsoft.com/dashboard,0
https://amazon.com/docs,0
https://www.google.com,0
http://verify-account.net/login/confirm_identity.php?user_id=681,1
https://www.chase.com/docs,0
http://secure-login.site/login/confirm_identity.php?user_id=777,1
https://www.reddit.com,0
https://wellsfargo.com/contact,0
https://www.bankofamerica.com/account,0
https://microsoft.com,0
http://appleid-verify.site/login/confirm_identity.php?user_id=792,1
http://167.111.165.61/login/update-account-recovery,1
http://login.verify.security.account.amazon.com.scam-node.net/auth,1
http://login.verify.security.account.google.com.scam-node.net/auth,1
https://www.instagram.com/login,0
http://verify-account.site/login/confirm_identity.php?user_id=177,1
https://www.facebook.com,0
http://login.verify.security.account.microsoft.com.scam-node.net/auth,1
https://netflix.com/docs,0
https://netflix.com/account,0
http://appleid-verify.xyz/login/confirm_identity.php?user_id=395,1
https://linkedin.com/account,0
http://verify-account.tech/login/confirm_identity.php?user_id=653,1
http://secure-chase-login-verify.club/signin?token=92851,1
http://appleid-verify.site/login/confirm_identity.php?user_id=747,1
http://secure-netflix-login-verify.online/signin?token=29277,1
http://150.227.23.161/verify/update-account-recovery,1
http://secure-chase-login-verify.net/signin?token=81043,1
http://secure-apple-login-verify.net/signin?token=43758,1
http://login.verify.security.account.reddit.com.scam-node.net/auth,1
http://verify-account.top/login/confirm_identity.php?user_id=882,1
https://apple.com,0
https://linkedin.com/profile,0
http://verify-account.online/login/confirm_identity.php?user_id=469,1
http://verify-account.xyz/login/confirm_identity.php?user_id=834,1
https://www.apple.com,0
https://www.netflix.com/account,0
http://159.66.18.123/help/update-account-recovery,1
http://secure-apple-login-verify.net/signin?token=83974,1
https://stackoverflow.com/help,0
http://secure-apple-login-verify.xyz/signin?token=74480,1
http://secure-paypal-login-verify.info/signin?token=11105,1
https://www.dropbox.com,0
http://login.verify.security.account.github.com.scam-node.net/auth,1
https://github.com,0
http://login.verify.security.account.netflix.com.scam-node.net/auth,1
http://secure-chase-login-verify.club/signin?token=21064,1
http://login.verify.security.account.stackoverflow.com.scam-node.net/auth,1
https://github.com/dashboard,0
https://apple.com,0
https://www.facebook.com/dashboard,0
http://login.verify.security.account.wikipedia.org.scam-node.net/auth,1
https://www.stackoverflow.com/signin,0
https://www.microsoft.com/profile,0
https://amazon.com,0
https://www.youtube.com,0
http://login.verify.security.account.dropbox.com.scam-node.net/auth,1
http://login.verify.security.account.github.com.scam-node.net/auth,1
http://secure-login.site/login/confirm_identity.php?user_id=301,1
https://www.microsoft.com,0
http://179.25.249.131/dashboard/update-account-recovery,1
https://microsoft.com,0
https://www.youtube.com,0
http://login.verify.security.account.chase.com.scam-node.net/auth,1
http://secure-login.site/login/confirm_identity.php?user_id=302,1
http://114.168.48.121/dashboard/update-account-recovery,1
https://www.paypal.com/settings,0
http://appleid-verify.club/login/confirm_identity.php?user_id=766,1
https://stackoverflow.com,0
https://bankofamerica.com,0
http://168.195.223.17/about/update-account-recovery,1
http://secure-paypal-login-verify.net/signin?token=36783,1
https://chase.com/about,0
http://187.173.17.238/home/update-account-recovery,1
http://secure-paypal-login-verify.top/signin?token=49544,1
https://www.youtube.com/billing,0
https://www.amazon.com/about,0
https://www.chase.com/billing,0
https://paypal.com/dashboard,0
https://amazon.com,0
https://twitter.com/docs,0
https://www.apple.com,0
https://www.facebook.com,0
https://www.chase.com,0
https://facebook.com,0
https://stackoverflow.com/home,0
https://www.chase.com/dashboard,0
https://amazon.com/dashboard,0
http://login.verify.security.account.facebook.com.scam-node.net/auth,1
https://youtube.com/help,0
http://175.140.238.182/services/update-account-recovery,1
https://youtube.com/help,0
http://login.verify.security.account.linkedin.com.scam-node.net/auth,1
http://appleid-verify.net/login/confirm_identity.php?user_id=884,1
http://secure-chase-login-verify.club/signin?token=89830,1
https://netflix.com/verify,0
https://www.github.com/billing,0
https://reddit.com/login,0
https://facebook.com,0
http://132.120.12.28/services/update-account-recovery,1
http://secure-paypal-login-verify.club/signin?token=68086,1
https://bankofamerica.com/settings,0
http://118.146.2.219/docs/update-account-recovery,1
https://wikipedia.org,0
https://www.linkedin.com/about,0
https://www.apple.com/security,0
https://www.dropbox.com,0
http://netflix-billing.top/login/confirm_identity.php?user_id=239,1
https://microsoft.com,0
http://paypal-security.info/login/confirm_identity.php?user_id=320,1
http://166.176.94.43/dashboard/update-account-recovery,1
https://wellsfargo.com,0
https://dropbox.com/contact,0
http://secure-login.info/login/confirm_identity.php?user_id=859,1
https://facebook.com/signin,0
https://www.instagram.com,0
https://instagram.com/home,0
http://183.209.139.224/signin/update-account-recovery,1
http://secure-apple-login-verify.net/signin?token=92059,1
https://chase.com/account,0
http://secure-apple-login-verify.tech/signin?token=32370,1
http://secure-paypal-login-verify.online/signin?token=43517,1
http://login.verify.security.account.instagram.com.scam-node.net/auth,1
https://instagram.com,0
https://www.ebay.com/billing,0
https://dropbox.com/about,0
http://login.verify.security.account.reddit.com.scam-node.net/auth,1
http://login.verify.security.account.ebay.com.scam-node.net/auth,1
http://login.verify.security.account.linkedin.com.scam-node.net/auth,1
https://www.youtube.com,0
https://stackoverflow.com,0
https://ebay.com/dashboard,0
https://www.ebay.com/services,0
https://www.linkedin.com/verify,0
http://login.verify.security.account.stackoverflow.com.scam-node.net/auth,1
https://paypal.com/profile,0
https://apple.com,0
http://secure-amazon-login-verify.xyz/signin?token=83814,1
http://login.verify.security.account.wellsfargo.com.scam-node.net/auth,1
http://167.186.37.154/contact/update-account-recovery,1
https://chase.com/about,0
https://www.stackoverflow.com/verify,0
https://netflix.com,0
http://116.94.48.195/about/update-account-recovery,1
https://www.google.com/account,0
https://www.instagram.com/signin,0
http://secure-apple-login-verify.xyz/signin?token=33660,1
http://128.47.149.93/docs/update-account-recovery,1
http://secure-apple-login-verify.xyz/signin?token=77004,1
https://wellsfargo.com,0
https://www.twitter.com/services,0
https://wikipedia.org/account,0
http://143.142.40.141/account/update-account-recovery,1
http://156.128.60.170/billing/update-account-recovery,1
https://chase.com/verify,0
http://banking-update.xyz/login/confirm_identity.php?user_id=455,1
http://secure-login.xyz/login/confirm_identity.php?user_id=208,1
http://154.144.59.201/dashboard/update-account-recovery,1
http://verify-account.info/login/confirm_identity.php?user_id=526,1
http://secure-amazon-login-verify.tech/signin?token=70223,1
https://github.com/billing,0
http://login.verify.security.account.paypal.com.scam-node.net/auth,1
https://bankofamerica.com,0
https://amazon.com/home,0
https://www.twitter.com/services,0
http://174.128.238.112/settings/update-account-recovery,1
http://login.verify.security.account.chase.com.scam-node.net/auth,1
http://login.verify.security.account.chase.com.scam-node.net/auth,1
http://secure-apple-login-verify.club/signin?token=32565,1
https://www.wellsfargo.com/docs,0
https://www.stackoverflow.com/docs,0
https://www.reddit.com/verify,0
https://google.com/about,0
http://179.243.67.230/dashboard/update-account-recovery,1
http://login.verify.security.account.dropbox.com.scam-node.net/auth,1
http://netflix-billing.club/login/confirm_identity.php?user_id=707,1
https://www.paypal.com/verify,0
https://www.paypal.com,0
https://netflix.com,0
http://login.verify.security.account.apple.com.scam-node.net/auth,1
https://www.bankofamerica.com,0
http://124.126.90.168/verify/update-account-recovery,1
https://facebook.com/signin,0
https://www.stackoverflow.com,0
https://dropbox.com/billing,0
https://www.youtube.com/security,0
https://google.com/login,0
http://secure-apple-login-verify.net/signin?token=21381,1
https://www.stackoverflow.com/docs,0
http://login.verify.security.account.github.com.scam-node.net/auth,1
http://login.verify.security.account.amazon.com.scam-node.net/auth,1
https://www.reddit.com,0
https://www.bankofamerica.com/home,0
http://verify-account.xyz/login/confirm_identity.php?user_id=231,1
http://verify-account.site/login/confirm_identity.php?user_id=855,1
http://secure-apple-login-verify.net/signin?token=48019,1
https://www.facebook.com,0
http://login.verify.security.account.paypal.com.scam-node.net/auth,1
https://netflix.com/settings,0
http://login.verify.security.account.ebay.com.scam-node.net/auth,1
http://login.verify.security.account.bankofamerica.com.scam-node.net/auth,1
https://bankofamerica.com,0
http://login.verify.security.account.dropbox.com.scam-node.net/auth,1
https://www.instagram.com/security,0
http://152.222.38.73/home/update-account-recovery,1
http://164.251.68.154/profile/update-account-recovery,1
http://secure-amazon-login-verify.online/signin?token=69622,1
https://www.wellsfargo.com,0
http://paypal-security.tech/login/confirm_identity.php?user_id=244,1
https://amazon.com,0
http://198.59.39.199/dashboard/update-account-recovery,1
https://linkedin.com,0
https://www.microsoft.com/services,0
https://wikipedia.org,0
https://www.instagram.com/settings,0
http://secure-amazon-login-verify.online/signin?token=25874,1
http://login.verify.security.account.facebook.com.scam-node.net/auth,1
http://secure-login.site/login/confirm_identity.php?user_id=287,1
https://paypal.com/security,0
http://secure-chase-login-verify.online/signin?token=20487,1
https://apple.com/contact,0
https://www.ebay.com,0
https://www.reddit.com/contact,0
http://verify-account.xyz/login/confirm_identity.php?user_id=361,1
http://secure-chase-login-verify.info/signin?token=37198,1
https://www.dropbox.com/billing,0
http://secure-amazon-login-verify.xyz/signin?token=85788,1
http://appleid-verify.top/login/confirm_identity.php?user_id=471,1
http://verify-account.top/login/confirm_identity.php?user_id=861,1
http://112.93.129.18/security/update-account-recovery,1
http://secure-amazon-login-verify.club/signin?token=15899,1
http://appleid-verify.xyz/login/confirm_identity.php?user_id=765,1
https://www.wikipedia.org/about,0
http://secure-amazon-login-verify.site/signin?token=14920,1
https://www.reddit.com,0
https://www.google.com/home,0
https://stackoverflow.com,0
https://www.ebay.com/home,0
https://www.apple.com/signin,0
http://secure-chase-login-verify.online/signin?token=34027,1
http://login.verify.security.account.youtube.com.scam-node.net/auth,1
https://www.twitter.com,0
https://amazon.com,0
http://login.verify.security.account.linkedin.com.scam-node.net/auth,1
https://amazon.com/billing,0
http://secure-paypal-login-verify.site/signin?token=24034,1
https://wikipedia.org/help,0
http://secure-apple-login-verify.site/signin?token=15066,1
http://login.verify.security.account.bankofamerica.com.scam-node.net/auth,1
http://secure-amazon-login-verify.net/signin?token=48443,1
http://101.223.153.79/account/update-account-recovery,1
https://netflix.com/account,0
https://www.wellsfargo.com/services,0
https://www.chase.com/billing,0
http://134.238.220.110/docs/update-account-recovery,1
http://194.208.132.6/verify/update-account-recovery,1
http://101.251.21.121/billing/update-account-recovery,1
https://www.microsoft.com/services,0
http://secure-apple-login-verify.online/signin?token=39768,1
http://secure-chase-login-verify.info/signin?token=22757,1
http://192.19.21.34/dashboard/update-account-recovery,1
https://paypal.com/settings,0
http://login.verify.security.account.dropbox.com.scam-node.net/auth,1
http://netflix-billing.tech/login/confirm_identity.php?user_id=791,1
https://www.google.com,0
http://login.verify.security.account.bankofamerica.com.scam-node.net/auth,1
http://login.verify.security.account.youtube.com.scam-node.net/auth,1
https://netflix.com/login,0
http://secure-chase-login-verify.tech/signin?token=28440,1
https://twitter.com,0
http://login.verify.security.account.bankofamerica.com.scam-node.net/auth,1
http://secure-netflix-login-verify.site/signin?token=50532,1
http://secure-login.club/login/confirm_identity.php?user_id=141,1
https://www.apple.com/verify,0
https://www.microsoft.com/settings,0
http://secure-apple-login-verify.top/signin?token=83167,1
http://netflix-billing.online/login/confirm_identity.php?user_id=384,1
http://netflix-billing.net/login/confirm_identity.php?user_id=560,1
https://google.com/signin,0
https://wellsfargo.com/services,0
https://github.com/dashboard,0
https://www.microsoft.com/account,0
http://appleid-verify.net/login/confirm_identity.php?user_id=428,1
https://www.reddit.com/home,0
http://login.verify.security.account.facebook.com.scam-node.net/auth,1
https://www.netflix.com/docs,0
http://login.verify.security.account.amazon.com.scam-node.net/auth,1
https://www.twitter.com/account,0
http://login.verify.security.account.bankofamerica.com.scam-node.net/auth,1
https://github.com,0
https://bankofamerica.com/services,0
http://162.255.52.116/verify/update-account-recovery,1
https://www.bankofamerica.com/dashboard,0
https://www.ebay.com,0
https://linkedin.com/services,0
http://login.verify.security.account.netflix.com.scam-node.net/auth,1
http://netflix-billing.tech/login/confirm_identity.php?user_id=523,1
http://156.84.158.49/verify/update-account-recovery,1
https://www.ebay.com/billing,0
http://appleid-verify.tech/login/confirm_identity.php?user_id=589,1
https://twitter.com/account,0
http://secure-netflix-login-verify.top/signin?token=89062,1
http://paypal-security.site/login/confirm_identity.php?user_id=816,1
https://bankofamerica.com/signin,0
http://172.6.43.21/profile/update-account-recovery,1
https://youtube.com/services,0
https://www.amazon.com/services,0
https://netflix.com,0
http://login.verify.security.account.facebook.com.scam-node.net/auth,1
http://verify-account.club/login/confirm_identity.php?user_id=272,1
http://secure-amazon-login-verify.info/signin?token=11008,1
https://netflix.com/docs,0
http://login.verify.security.account.facebook.com.scam-node.net/auth,1
http://netflix-billing.site/login/confirm_identity.php?user_id=566,1
http://169.122.70.87/login/update-account-recovery,1
https://linkedin.com/contact,0
https://apple.com/signin,0
http://177.0.222.143/verify/update-account-recovery,1
https://www.reddit.com/contact,0
https://www.paypal.com/profile,0
http://198.143.105.210/docs/update-account-recovery,1
https://reddit.com/docs,0
http://secure-amazon-login-verify.info/signin?token=27391,1
http://secure-amazon-login-verify.site/signin?token=31702,1
http://banking-update.club/login/confirm_identity.php?user_id=309,1
https://www.linkedin.com/dashboard,0
http://login.verify.security.account.stackoverflow.com.scam-node.net/auth,1
http://secure-login.tech/login/confirm_identity.php?user_id=929,1
http://paypal-security.net/login/confirm_identity.php?user_id=303,1
https://www.facebook.com/about,0
http://secure-login.net/login/confirm_identity.php?user_id=330,1
http://login.verify.security.account.microsoft.com.scam-node.net/auth,1
https://www.twitter.com/about,0
http://secure-chase-login-verify.tech/signin?token=45805,1
https://paypal.com/account,0
http://secure-netflix-login-verify.info/signin?token=55743,1
https://www.facebook.com,0
http://112.210.98.132/signin/update-account-recovery,1
https://www.reddit.com/account,0
https://www.reddit.com,0
https://www.linkedin.com/settings,0
http://117.221.221.28/billing/update-account-recovery,1
https://apple.com/home,0
https://www.google.com,0
http://login.verify.security.account.wikipedia.org.scam-node.net/auth,1
http://verify-account.net/login/confirm_identity.php?user_id=239,1
https://linkedin.com,0
http://188.164.116.246/security/update-account-recovery,1
http://secure-paypal-login-verify.site/signin?token=57139,1
http://banking-update.club/login/confirm_identity.php?user_id=804,1
https://www.facebook.com/contact,0
https://www.bankofamerica.com/home,0
http://133.175.93.176/contact/update-account-recovery,1
https://www.bankofamerica.com/home,0
https://www.twitter.com/profile,0
http://verify-account.tech/login/confirm_identity.php?user_id=636,1
http://secure-chase-login-verify.club/signin?token=41095,1
http://secure-login.xyz/login/confirm_identity.php?user_id=971,1
http://secure-chase-login-verify.site/signin?token=51147,1
http://secure-paypal-login-verify.site/signin?token=26242,1
https://stackoverflow.com/billing,0
https://www.wikipedia.org/services,0
http://secure-paypal-login-verify.xyz/signin?token=98725,1
https://www.netflix.com/account,0
https://paypal.com/home,0
https://www.github.com/login,0
https://youtube.com/signin,0
http://login.verify.security.account.apple.com.scam-node.net/auth,1
https://www.amazon.com,0
https://www.wikipedia.org/about,0
http://100.101.241.158/dashboard/update-account-recovery,1
http://secure-chase-login-verify.top/signin?token=69428,1
https://www.apple.com/services,0
https://twitter.com,0
https://www.google.com/security,0
http://appleid-verify.online/login/confirm_identity.php?user_id=183,1
https://www.github.com/help,0
https://wikipedia.org,0
https://www.wellsfargo.com,0
http://150.57.98.70/billing/update-account-recovery,1
https://stackoverflow.com,0
https://apple.com/signin,0
http://banking-update.tech/login/confirm_identity.php?user_id=821,1
https://www.ebay.com/account,0
http://login.verify.security.account.ebay.com.scam-node.net/auth,1
http://175.202.3.248/services/update-account-recovery,1
http://126.117.128.47/settings/update-account-recovery,1
http://123.177.242.99/dashboard/update-account-recovery,1
http://141.225.107.41/account/update-account-recovery,1
http://login.verify.security.account.microsoft.com.scam-node.net/auth,1
https://www.chase.com,0
http://verify-account.xyz/login/confirm_identity.php?user_id=826,1
http://netflix-billing.xyz/login/confirm_identity.php?user_id=395,1
http://netflix-billing.net/login/confirm_identity.php?user_id=957,1
http://secure-netflix-login-verify.net/signin?token=47935,1
http://secure-login.club/login/confirm_identity.php?user_id=473,1
https://paypal.com/signin,0
http://login.verify.security.account.paypal.com.scam-node.net/auth,1
https://amazon.com/billing,0
https://www.amazon.com/billing,0
http://secure-login.top/login/confirm_identity.php?user_id=489,1
http://secure-paypal-login-verify.tech/signin?token=67580,1
http://111.75.0.89/login/update-account-recovery,1
https://www.chase.com/account,0
http://secure-login.online/login/confirm_identity.php?user_id=644,1
https://ebay.com,0
http://secure-chase-login-verify.top/signin?token=45957,1
http://secure-chase-login-verify.top/signin?token=51949,1
https://google.com,0
https://www.reddit.com,0
https://www.facebook.com,0
http://195.34.96.202/settings/update-account-recovery,1
https://www.bankofamerica.com/login,0
https://www.microsoft.com/account,0
http://appleid-verify.online/login/confirm_identity.php?user_id=247,1
https://apple.com,0
http://101.184.27.14/account/update-account-recovery,1
https://www.paypal.com/help,0
http://login.verify.security.account.amazon.com.scam-node.net/auth,1
https://ebay.com/billing,0
http://secure-login.info/login/confirm_identity.php?user_id=451,1
https://www.wellsfargo.com/billing,0
http://184.137.68.193/docs/update-account-recovery,1
http://170.157.191.22/dashboard/update-account-recovery,1
http://180.162.236.254/security/update-account-recovery,1
http://secure-apple-login-verify.xyz/signin?token=35976,1
https://wellsfargo.com/dashboard,0
http://login.verify.security.account.microsoft.com.scam-node.net/auth,1
https://www.netflix.com/about,0
https://www.github.com,0
http://192.114.236.212/about/update-account-recovery,1
https://github.com/about,0
http://142.10.140.79/verify/update-account-recovery,1
https://www.ebay.com,0
http://paypal-security.net/login/confirm_identity.php?user_id=541,1
http://login.verify.security.account.facebook.com.scam-node.net/auth,1
https://microsoft.com/services,0
https://www.github.com/security,0
https://www.linkedin.com/contact,0
http://paypal-security.info/login/confirm_identity.php?user_id=781,1
http://104.214.66.38/profile/update-account-recovery,1
https://google.com,0
https://paypal.com,0
https://www.microsoft.com,0
https://linkedin.com/profile,0
http://secure-chase-login-verify.tech/signin?token=88182,1
http://banking-update.xyz/login/confirm_identity.php?user_id=813,1
http://login.verify.security.account.microsoft.com.scam-node.net/auth,1
https://www.stackoverflow.com/signin,0
http://128.4.254.27/about/update-account-recovery,1
https://wellsfargo.com,0
https://bankofamerica.com/contact,0
https://amazon.com/profile,0
http://paypal-security.online/login/confirm_identity.php?user_id=169,1
https://github.com,0
https://www.wellsfargo.com,0
https://wikipedia.org,0
https://github.com/profile,0
http://secure-amazon-login-verify.online/signin?token=91875,1
https://www.microsoft.com,0
https://www.netflix.com,0
https://www.microsoft.com,0
https://www.chase.com/login,0
http://appleid-verify.club/login/confirm_identity.php?user_id=971,1
http://appleid-verify.top/login/confirm_identity.php?user_id=567,1
http://108.91.127.242/settings/update-account-recovery,1
http://143.16.41.208/security/update-account-recovery,1
http://login.verify.security.account.linkedin.com.scam-node.net/auth,1
https://www.bankofamerica.com,0
https://netflix.com/dashboard,0
https://youtube.com,0
https://microsoft.com/login,0
https://www.chase.com/settings,0
http://173.146.142.177/home/update-account-recovery,1
https://www.twitter.com/profile,0
https://www.paypal.com/signin,0
https://www.amazon.com,0
http://login.verify.security.account.chase.com.scam-node.net/auth,1
https://www.reddit.com/help,0
http://141.239.223.64/account/update-account-recovery,1
http://secure-paypal-login-verify.info/signin?token=55090,1
http://login.verify.security.account.youtube.com.scam-node.net/auth,1
http://secure-chase-login-verify.site/signin?token=61610,1
https://www.twitter.com,0
http://login.verify.security.account.chase.com.scam-node.net/auth,1
https://twitter.com,0
http://login.verify.security.account.paypal.com.scam-node.net/auth,1
https://youtube.com,0
https://www.youtube.com,0
https://reddit.com/profile,0
http://148.89.162.67/signin/update-account-recovery,1
https://www.dropbox.com/about,0
https://twitter.com/help,0
https://www.instagram.com/contact,0
https://www.apple.com/signin,0
https://www.google.com,0
https://amazon.com,0
http://152.170.102.23/about/update-account-recovery,1
https://netflix.com/settings,0
http://verify-account.top/login/confirm_identity.php?user_id=636,1
https://bankofamerica.com/billing,0
http://login.verify.security.account.netflix.com.scam-node.net/auth,1
https://www.chase.com/settings,0
https://paypal.com/dashboard,0
http://login.verify.security.account.twitter.com.scam-node.net/auth,1
http://101.135.19.210/dashboard/update-account-recovery,1
https://reddit.com,0
http://163.147.160.8/profile/update-account-recovery,1
https://github.com/security,0
https://bankofamerica.com,0
https://ebay.com/profile,0
http://138.228.235.178/verify/update-account-recovery,1
https://www.paypal.com/signin,0
http://133.196.157.178/verify/update-account-recovery,1
https://paypal.com/dashboard,0
https://netflix.com/contact,0
https://facebook.com/login,0
http://secure-login.club/login/confirm_identity.php?user_id=237,1
https://www.paypal.com/login,0
http://verify-account.club/login/confirm_identity.php?user_id=735,1
https://amazon.com/contact,0
http://158.71.8.185/help/update-account-recovery,1
http://secure-apple-login-verify.xyz/signin?token=64077,1
https://facebook.com/docs,0
http://196.208.199.147/contact/update-account-recovery,1
https://amazon.com,0
http://netflix-billing.online/login/confirm_identity.php?user_id=243,1
https://www.amazon.com/contact,0
https://stackoverflow.com/home,0
https://bankofamerica.com,0
https://wikipedia.org/signin,0
https://reddit.com,0
http://banking-update.online/login/confirm_identity.php?user_id=739,1
https://github.com,0
https://dropbox.com/billing,0
http://login.verify.security.account.github.com.scam-node.net/auth,1
http://paypal-security.info/login/confirm_identity.php?user_id=529,1
https://twitter.com/signin,0
https://www.google.com/signin,0
http://login.verify.security.account.twitter.com.scam-node.net/auth,1
http://secure-chase-login-verify.site/signin?token=68083,1
https://stackoverflow.com/billing,0
http://netflix-billing.xyz/login/confirm_identity.php?user_id=950,1
http://188.100.156.78/dashboard/update-account-recovery,1
http://login.verify.security.account.chase.com.scam-node.net/auth,1
https://www.reddit.com/help,0
http://secure-apple-login-verify.tech/signin?token=17782,1
https://www.amazon.com/services,0
https://www.netflix.com/contact,0
https://chase.com/billing,0
http://login.verify.security.account.dropbox.com.scam-node.net/auth,1
http://login.verify.security.account.bankofamerica.com.scam-node.net/auth,1
https://www.paypal.com/settings,0
https://www.apple.com/billing,0
https://www.facebook.com/docs,0
http://122.75.115.213/verify/update-account-recovery,1
http://login.verify.security.account.linkedin.com.scam-node.net/auth,1
https://chase.com,0
http://login.verify.security.account.apple.com.scam-node.net/auth,1
http://verify-account.site/login/confirm_identity.php?user_id=790,1
http://paypal-security.net/login/confirm_identity.php?user_id=240,1
https://chase.com/billing,0
https://www.netflix.com/home,0
http://verify-account.xyz/login/confirm_identity.php?user_id=547,1
http://login.verify.security.account.dropbox.com.scam-node.net/auth,1
https://www.facebook.com,0
http://secure-amazon-login-verify.tech/signin?token=72910,1
http://banking-update.club/login/confirm_identity.php?user_id=830,1
http://login.verify.security.account.dropbox.com.scam-node.net/auth,1
http://145.6.118.198/billing/update-account-recovery,1
https://google.com/security,0
http://login.verify.security.account.apple.com.scam-node.net/auth,1
http://151.197.58.202/billing/update-account-recovery,1
http://176.253.227.222/billing/update-account-recovery,1
https://www.dropbox.com/verify,0
http://appleid-verify.xyz/login/confirm_identity.php?user_id=467,1
http://login.verify.security.account.wellsfargo.com.scam-node.net/auth,1
https://www.youtube.com/signin,0
https://dropbox.com/dashboard,0
http://secure-paypal-login-verify.info/signin?token=81384,1
http://login.verify.security.account.wikipedia.org.scam-node.net/auth,1
http://secure-paypal-login-verify.tech/signin?token=24439,1
http://secure-paypal-login-verify.xyz/signin?token=63969,1
http://secure-paypal-login-verify.club/signin?token=56061,1
http://login.verify.security.account.dropbox.com.scam-node.net/auth,1
http://banking-update.top/login/confirm_identity.php?user_id=973,1
http://185.38.246.173/about/update-account-recovery,1
http://122.236.111.128/account/update-account-recovery,1
http://login.verify.security.account.google.com.scam-node.net/auth,1
http://131.58.97.130/docs/update-account-recovery,1
http://appleid-verify.info/login/confirm_identity.php?user_id=357,1
https://paypal.com,0
https://www.twitter.com/billing,0
https://wikipedia.org/profile,0
http://129.220.182.154/billing/update-account-recovery,1
https://www.google.com/contact,0
https://www.youtube.com/services,0
http://137.76.216.28/settings/update-account-recovery,1
http://secure-apple-login-verify.top/signin?token=36076,1
https://chase.com,0
https://www.reddit.com,0
https://www.linkedin.com/docs,0
https://www.twitter.com/verify,0
https://www.youtube.com/account,0
http://login.verify.security.account.paypal.com.scam-node.net/auth,1
http://login.verify.security.account.reddit.com.scam-node.net/auth,1
http://netflix-billing.site/login/confirm_identity.php?user_id=402,1
http://login.verify.security.account.ebay.com.scam-node.net/auth,1
http://101.255.227.24/services/update-account-recovery,1
http://secure-netflix-login-verify.top/signin?token=90754,1
https://github.com/account,0
https://dropbox.com/settings,0
http://secure-apple-login-verify.site/signin?token=89425,1
http://login.verify.security.account.microsoft.com.scam-node.net/auth,1
http://174.236.234.95/contact/update-account-recovery,1
https://wellsfargo.com/home,0
http://verify-account.tech/login/confirm_identity.php?user_id=623,1
https://www.google.com,0
https://www.twitter.com/dashboard,0
https://netflix.com,0
http://158.140.147.38/contact/update-account-recovery,1
http://verify-account.site/login/confirm_identity.php?user_id=441,1
http://138.61.206.199/security/update-account-recovery,1
https://stackoverflow.com/profile,0
http://secure-apple-login-verify.top/signin?token=46780,1
http://164.19.106.232/docs/update-account-recovery,1
https://www.netflix.com/docs,0
https://www.linkedin.com,0
http://secure-paypal-login-verify.xyz/signin?token=73226,1
https://microsoft.com/settings,0
http://appleid-verify.site/login/confirm_identity.php?user_id=175,1
http://login.verify.security.account.github.com.scam-node.net/auth,1
http://195.140.24.154/security/update-account-recovery,1
https://google.com/security,0
https://www.chase.com,0
https://www.reddit.com/help,0
